config,model_type,block_size,small_block_size,threshold,batch_size,max_new_tokens,num_samples,corpus_bleu4,corpus_bleu_norm,corpus_bleu_code,avg_bleu4,avg_bleu_norm,avg_bleu_code,avg_rouge1,avg_rouge2,avg_rougeL,avg_meteor,avg_cider,avg_tokens_per_second,avg_ms_per_token,avg_tokens_per_step,avg_diffusion_steps,avg_generated_tokens
AR_baseline,AR,,,,1,1024,1000,0.0147,0.0199,0.0224,0.0221,0.0264,0.0287,0.1663,0.0374,0.1486,0.0992,0.2048,9.53,111.439,1.0,16.59,16.59
bs16_sbs4_th0.2_cacheTrue_batch1_mnt128,dLLM,16,4,0.2,1,128,1000,0.0082,0.0108,0.0114,0.0149,0.0172,0.0181,0.1291,0.0235,0.1164,0.0997,0.1832,11.19,95.882,2.1618,21.84,47.07
bs16_sbs4_th0.4_cacheTrue_batch1_mnt128,dLLM,16,4,0.4,1,128,1000,0.0106,0.0146,0.0142,0.0167,0.02,0.0204,0.1372,0.0277,0.1215,0.1084,0.2113,9.28,114.615,1.6577,26.97,44.65
bs16_sbs4_th0.6_cacheTrue_batch1_mnt128,dLLM,16,4,0.6,1,128,1000,0.0103,0.0152,0.0151,0.0163,0.0201,0.0207,0.141,0.0278,0.1257,0.1114,0.2082,8.26,127.996,1.4381,28.98,41.84
bs16_sbs4_th0.8_cacheTrue_batch1_mnt128,dLLM,16,4,0.8,1,128,1000,0.0102,0.0147,0.0148,0.0163,0.0199,0.0206,0.143,0.0284,0.1268,0.1137,0.2081,7.69,136.596,1.3125,31.19,41.09
bs16_sbs4_th1.0_cacheTrue_batch1_mnt128,dLLM,16,4,1.0,1,128,1000,0.0099,0.0143,0.0148,0.0158,0.0195,0.0207,0.1438,0.0289,0.1275,0.1155,0.2059,6.22,164.438,1.0026,39.38,39.46
bs16_sbs8_th0.2_cacheTrue_batch1_mnt128,dLLM,16,8,0.2,1,128,1000,0.0091,0.0122,0.0126,0.0162,0.0189,0.0199,0.1266,0.0247,0.1133,0.0955,0.1979,12.97,84.283,2.6013,19.63,50.83
bs16_sbs8_th0.4_cacheTrue_batch1_mnt128,dLLM,16,8,0.4,1,128,1000,0.0109,0.0133,0.0139,0.0168,0.0189,0.0199,0.1345,0.0276,0.1195,0.111,0.2137,10.02,107.896,1.8353,24.74,45.38
bs16_sbs8_th0.6_cacheTrue_batch1_mnt128,dLLM,16,8,0.6,1,128,1000,0.0102,0.014,0.0141,0.0162,0.0195,0.0204,0.1342,0.0284,0.1199,0.109,0.2092,8.73,122.451,1.5399,27.83,42.86
bs16_sbs8_th0.8_cacheTrue_batch1_mnt128,dLLM,16,8,0.8,1,128,1000,0.0105,0.015,0.0148,0.0163,0.0198,0.0205,0.1354,0.0296,0.1207,0.1096,0.214,8.03,132.037,1.3816,30.4,42.18
bs16_sbs8_th1.0_cacheTrue_batch1_mnt128,dLLM,16,8,1.0,1,128,1000,0.0099,0.0144,0.0144,0.0156,0.0191,0.0202,0.1354,0.0294,0.1209,0.1098,0.2067,6.24,164.275,1.0025,40.58,40.66
bs32_sbs16_th0.2_cacheTrue_batch1_mnt128,dLLM,32,16,0.2,1,128,1000,0.008,0.0107,0.0103,0.0148,0.0174,0.0187,0.1167,0.0215,0.1067,0.0859,0.1769,18.31,60.927,3.45,20.57,67.47
bs32_sbs16_th0.4_cacheTrue_batch1_mnt128,dLLM,32,16,0.4,1,128,1000,0.0104,0.0139,0.0147,0.0165,0.0192,0.0208,0.1223,0.0272,0.1109,0.0995,0.1994,12.66,86.151,2.2063,26.52,56.22
bs32_sbs16_th0.6_cacheTrue_batch1_mnt128,dLLM,32,16,0.6,1,128,1000,0.0118,0.0159,0.0168,0.017,0.0205,0.0221,0.1252,0.0299,0.1131,0.103,0.2035,10.65,100.843,1.8046,29.12,50.84
bs32_sbs16_th0.8_cacheTrue_batch1_mnt128,dLLM,32,16,0.8,1,128,1000,0.0119,0.0167,0.0175,0.0171,0.0211,0.0226,0.1289,0.0307,0.1156,0.1041,0.2074,9.55,111.689,1.5822,30.36,47.11
bs32_sbs16_th0.8_cacheTrue_batch1_mnt64,dLLM,32,16,0.8,1,64,1000,0.0121,0.017,0.0178,0.0172,0.0212,0.0227,0.1293,0.0309,0.116,0.1042,0.2087,8.81,120.144,1.5318,27.17,40.5
bs32_sbs16_th1.0_cacheTrue_batch1_mnt128,dLLM,32,16,1.0,1,128,1000,0.0117,0.0165,0.0173,0.0168,0.0207,0.0222,0.1275,0.0302,0.1145,0.1033,0.2053,6.61,154.104,1.0011,46.2,46.24
bs32_sbs32_th0.8_cacheTrue_batch1_mnt64,dLLM,32,32,0.8,1,64,1000,0.0123,0.0167,0.0171,0.0173,0.0206,0.0219,0.1256,0.0289,0.1134,0.1019,0.2082,8.85,119.822,1.5698,26.91,40.88
bs32_sbs8_th0.2_cacheTrue_batch1_mnt1024,dLLM,32,8,0.2,1,1024,1000,0.0042,0.0049,0.0053,0.0157,0.0174,0.0191,0.1181,0.0203,0.1064,0.0865,0.1752,16.42,71.808,3.0523,38.83,157.62
bs32_sbs8_th0.2_cacheTrue_batch1_mnt128,dLLM,32,8,0.2,1,128,1000,0.0083,0.0098,0.0102,0.0157,0.0175,0.0191,0.1182,0.0203,0.1066,0.0868,0.1747,15.65,68.821,2.8311,22.65,62.65
bs32_sbs8_th0.2_cacheTrue_batch1_mnt256,dLLM,32,8,0.2,1,256,1000,0.0073,0.0086,0.009,0.0157,0.0175,0.0191,0.1181,0.0203,0.1065,0.0866,0.1748,15.61,71.729,2.9302,25.56,77.79
bs32_sbs8_th0.2_cacheTrue_batch1_mnt512,dLLM,32,8,0.2,1,512,1000,0.0059,0.0069,0.0073,0.0157,0.0175,0.0191,0.1181,0.0203,0.1064,0.0866,0.1751,17.23,66.492,3.0048,29.98,104.63
bs32_sbs8_th0.2_cacheTrue_batch4_mnt1024,dLLM,32,8,0.2,4,1024,1000,0.0044,0.0051,0.0056,0.0156,0.0172,0.019,0.1169,0.0206,0.1055,0.0859,0.1746,24.4,51.461,4.7113,133.71,178.21
bs32_sbs8_th0.2_cacheTrue_batch4_mnt256,dLLM,32,8,0.2,4,256,1000,0.0071,0.0083,0.0088,0.0156,0.0172,0.019,0.117,0.0206,0.1056,0.086,0.1744,19.53,58.245,4.317,82.36,89.37
bs32_sbs8_th0.2_cacheTrue_batch4_mnt512,dLLM,32,8,0.2,4,512,1000,0.0059,0.0068,0.0074,0.0156,0.0172,0.019,0.117,0.0206,0.1056,0.0859,0.1745,23.05,51.472,4.5226,99.23,119.07
bs32_sbs8_th0.4_cacheTrue_batch1_mnt1024,dLLM,32,8,0.4,1,1024,1000,0.0094,0.0119,0.0128,0.0167,0.0191,0.0211,0.1242,0.0271,0.1113,0.0982,0.1959,11.52,95.862,2.0847,31.3,74.79
bs32_sbs8_th0.4_cacheTrue_batch1_mnt128,dLLM,32,8,0.4,1,128,1000,0.0106,0.0134,0.0143,0.0167,0.0191,0.0211,0.1242,0.0271,0.1113,0.0982,0.1959,11.9,89.653,2.0328,27.28,54.02
bs32_sbs8_th0.4_cacheTrue_batch1_mnt256,dLLM,32,8,0.4,1,256,1000,0.0104,0.0132,0.0141,0.0167,0.0191,0.0211,0.1242,0.0271,0.1113,0.0982,0.1959,11.45,94.618,2.0558,28.4,58.57
bs32_sbs8_th0.4_cacheTrue_batch1_mnt512,dLLM,32,8,0.4,1,512,1000,0.01,0.0127,0.0136,0.0167,0.0191,0.0211,0.1242,0.0271,0.1113,0.0982,0.1959,12.25,88.768,2.0715,29.59,64.71
bs32_sbs8_th0.4_cacheTrue_batch4_mnt1024,dLLM,32,8,0.4,4,1024,1000,0.0087,0.0112,0.0121,0.0167,0.0191,0.0209,0.1233,0.026,0.1106,0.0972,0.1946,15.2,77.919,2.995,108.68,89.27
bs32_sbs8_th0.4_cacheTrue_batch4_mnt256,dLLM,32,8,0.4,4,256,1000,0.0101,0.0129,0.0137,0.0167,0.0191,0.0209,0.1233,0.026,0.1106,0.0972,0.1946,13.55,83.11,2.8778,92.27,65.31
bs32_sbs8_th0.4_cacheTrue_batch4_mnt512,dLLM,32,8,0.4,4,512,1000,0.0096,0.0122,0.0131,0.0167,0.0191,0.0209,0.1233,0.026,0.1106,0.0972,0.1946,15.08,76.241,2.938,98.5,74.1
bs32_sbs8_th0.6_cacheTrue_batch1_mnt1024,dLLM,32,8,0.6,1,1024,1000,0.0116,0.0154,0.0165,0.0175,0.0209,0.0233,0.1281,0.03,0.1146,0.1015,0.2069,9.85,110.721,1.7454,33.17,64.35
bs32_sbs8_th0.6_cacheTrue_batch1_mnt128,dLLM,32,8,0.6,1,128,1000,0.0124,0.0164,0.0175,0.0175,0.0209,0.0233,0.1281,0.03,0.1146,0.1015,0.2069,10.26,103.381,1.7111,29.93,49.62
bs32_sbs8_th0.6_cacheTrue_batch1_mnt256,dLLM,32,8,0.6,1,256,1000,0.0122,0.0162,0.0173,0.0175,0.0209,0.0233,0.1281,0.03,0.1146,0.1015,0.2069,9.86,108.925,1.7257,30.9,52.84
bs32_sbs8_th0.6_cacheTrue_batch1_mnt512,dLLM,32,8,0.6,1,512,1000,0.012,0.016,0.0171,0.0175,0.0209,0.0233,0.1281,0.03,0.1146,0.1015,0.2069,10.48,102.709,1.736,31.9,57.28
bs32_sbs8_th0.6_cacheTrue_batch4_mnt1024,dLLM,32,8,0.6,4,1024,1000,0.0108,0.0144,0.0153,0.0173,0.0206,0.0225,0.1261,0.0291,0.1128,0.1007,0.2032,11.86,94.638,2.3211,106.79,63.43
bs32_sbs8_th0.6_cacheTrue_batch4_mnt256,dLLM,32,8,0.6,4,256,1000,0.0118,0.0157,0.0166,0.0173,0.0206,0.0225,0.1261,0.0291,0.1128,0.1008,0.2032,11.0,99.309,2.2666,100.1,54.58
bs32_sbs8_th0.6_cacheTrue_batch4_mnt512,dLLM,32,8,0.6,4,512,1000,0.0114,0.0153,0.0161,0.0173,0.0206,0.0225,0.1261,0.0291,0.1128,0.1007,0.2032,11.99,92.013,2.2924,103.2,58.09
bs32_sbs8_th0.8_cacheTrue_batch1_mnt1024,dLLM,32,8,0.8,1,1024,1000,0.0133,0.0174,0.0188,0.018,0.0218,0.0245,0.1294,0.0322,0.1158,0.1032,0.2149,8.98,119.226,1.5441,33.89,55.38
bs32_sbs8_th0.8_cacheTrue_batch1_mnt128,dLLM,32,8,0.8,1,128,1000,0.0133,0.0174,0.0188,0.018,0.0218,0.0245,0.1294,0.0322,0.1158,0.1032,0.2149,9.37,112.473,1.5279,31.64,47.4
bs32_sbs8_th0.8_cacheTrue_batch1_mnt256,dLLM,32,8,0.8,1,256,1000,0.0133,0.0174,0.0188,0.018,0.0218,0.0245,0.1294,0.0322,0.1158,0.1032,0.2149,9.06,117.248,1.5354,32.41,49.47
bs32_sbs8_th0.8_cacheTrue_batch1_mnt32,dLLM,32,8,0.8,1,32,1000,0.0151,0.0209,0.0233,0.016,0.0199,0.0235,0.1163,0.0258,0.1067,0.0764,0.1623,5.73,213.322,1.3311,13.75,17.77
bs32_sbs8_th0.8_cacheTrue_batch1_mnt512,dLLM,32,8,0.8,1,512,1000,0.0133,0.0174,0.0188,0.018,0.0218,0.0245,0.1294,0.0322,0.1158,0.1032,0.2149,8.98,118.318,1.5399,33.24,52.22
bs32_sbs8_th0.8_cacheTrue_batch1_mnt64,dLLM,32,8,0.8,1,64,1000,0.0135,0.0176,0.0191,0.0181,0.0219,0.0246,0.1297,0.0323,0.1161,0.1033,0.2157,8.69,121.452,1.4869,28.01,40.69
bs32_sbs8_th0.8_cacheTrue_batch4_mnt1024,dLLM,32,8,0.8,4,1024,1000,0.0131,0.0173,0.0184,0.0179,0.0217,0.024,0.1283,0.0313,0.115,0.1029,0.2119,10.74,103.705,2.0808,110.8,58.05
bs32_sbs8_th0.8_cacheTrue_batch4_mnt256,dLLM,32,8,0.8,4,256,1000,0.0131,0.0173,0.0184,0.0179,0.0217,0.024,0.1283,0.0313,0.115,0.1029,0.2119,10.1,108.508,2.0501,104.45,51.24
bs32_sbs8_th0.8_cacheTrue_batch4_mnt512,dLLM,32,8,0.8,4,512,1000,0.0131,0.0173,0.0184,0.0179,0.0217,0.024,0.1283,0.0313,0.115,0.1029,0.2119,10.91,100.886,2.0634,107.38,53.96
bs32_sbs8_th1.0_cacheTrue_batch1_mnt1024,dLLM,32,8,1.0,1,1024,1000,0.0129,0.0172,0.0186,0.018,0.0218,0.0243,0.1303,0.0317,0.1162,0.1045,0.2148,6.38,160.213,1.0012,48.01,48.05
bs32_sbs8_th1.0_cacheTrue_batch1_mnt128,dLLM,32,8,1.0,1,128,1000,0.0129,0.0172,0.0186,0.018,0.0218,0.0243,0.1303,0.0317,0.1162,0.1045,0.2148,6.69,151.971,1.0012,46.64,46.68
bs32_sbs8_th1.0_cacheTrue_batch1_mnt256,dLLM,32,8,1.0,1,256,1000,0.0129,0.0172,0.0186,0.018,0.0218,0.0243,0.1303,0.0317,0.1162,0.1045,0.2148,6.46,157.761,1.0012,47.24,47.28
bs32_sbs8_th1.0_cacheTrue_batch1_mnt512,dLLM,32,8,1.0,1,512,1000,0.0129,0.0172,0.0186,0.018,0.0218,0.0243,0.1303,0.0317,0.1162,0.1045,0.2148,6.31,162.144,1.0012,47.49,47.54
bs32_sbs8_th1.0_cacheTrue_batch4_mnt1024,dLLM,32,8,1.0,4,1024,1000,0.0124,0.0163,0.0176,0.0181,0.0217,0.024,0.1298,0.0314,0.116,0.1041,0.2131,8.08,135.524,1.4693,146.99,49.94
bs32_sbs8_th1.0_cacheTrue_batch4_mnt256,dLLM,32,8,1.0,4,256,1000,0.0129,0.017,0.0182,0.0181,0.0217,0.024,0.1298,0.0314,0.116,0.1041,0.2131,7.82,140.244,1.4718,140.85,48.4
bs32_sbs8_th1.0_cacheTrue_batch4_mnt512,dLLM,32,8,1.0,4,512,1000,0.0127,0.0168,0.018,0.0181,0.0217,0.024,0.1298,0.0314,0.116,0.1041,0.2131,8.27,132.052,1.4702,142.9,48.92
bs64_sbs16_th0.2_cacheTrue_batch1_mnt128,dLLM,64,16,0.2,1,128,1000,0.007,0.0091,0.0084,0.0146,0.0165,0.0171,0.1185,0.0213,0.1069,0.0855,0.1728,18.7,58.996,3.7263,21.16,74.24
bs64_sbs16_th0.4_cacheTrue_batch1_mnt128,dLLM,64,16,0.4,1,128,1000,0.0112,0.0142,0.0149,0.0173,0.0197,0.0215,0.1301,0.0279,0.117,0.1058,0.2101,13.33,81.373,2.3931,29.8,68.13
bs64_sbs16_th0.6_cacheTrue_batch1_mnt128,dLLM,64,16,0.6,1,128,1000,0.012,0.0162,0.0168,0.0174,0.0206,0.0218,0.1335,0.0299,0.1193,0.1086,0.2193,11.62,94.039,2.0375,32.71,63.86
bs64_sbs16_th0.8_cacheTrue_batch1_mnt128,dLLM,64,16,0.8,1,128,1000,0.0127,0.0173,0.0178,0.0179,0.0214,0.0225,0.1349,0.0316,0.1207,0.1102,0.221,10.63,102.602,1.8189,34.95,61.74
bs64_sbs16_th0.8_cacheTrue_batch1_mnt64,dLLM,64,16,0.8,1,64,1000,0.0125,0.017,0.0176,0.0169,0.0201,0.0221,0.1272,0.0282,0.1149,0.0957,0.1913,8.05,151.794,1.5286,22.2,34.05
bs64_sbs16_th1.0_cacheTrue_batch1_mnt128,dLLM,64,16,1.0,1,128,1000,0.0127,0.0174,0.0179,0.018,0.0218,0.0231,0.1349,0.0326,0.1213,0.1109,0.2251,6.51,156.136,1.0004,62.03,62.05
bs64_sbs32_th0.2_cacheTrue_batch1_mnt128,dLLM,64,32,0.2,1,128,1000,0.0068,0.0093,0.0088,0.0142,0.0166,0.0169,0.1192,0.0211,0.1082,0.0868,0.1716,20.36,55.453,4.2434,19.72,76.53
bs64_sbs32_th0.4_cacheTrue_batch1_mnt128,dLLM,64,32,0.4,1,128,1000,0.0105,0.0135,0.0139,0.0162,0.0182,0.0196,0.1279,0.0256,0.1146,0.1046,0.2014,13.73,79.531,2.5149,29.51,69.99
bs64_sbs32_th0.6_cacheTrue_batch1_mnt128,dLLM,64,32,0.6,1,128,1000,0.0122,0.0157,0.0164,0.0174,0.0201,0.0216,0.1309,0.0289,0.1169,0.1071,0.218,11.75,93.179,2.0981,32.96,65.28
bs64_sbs32_th0.8_cacheTrue_batch1_mnt128,dLLM,64,32,0.8,1,128,1000,0.0127,0.0169,0.0173,0.0175,0.0206,0.022,0.1343,0.0308,0.1205,0.1097,0.2201,10.78,101.403,1.879,34.62,62.77
bs64_sbs32_th0.8_cacheTrue_batch1_mnt64,dLLM,64,32,0.8,1,64,1000,0.0125,0.0167,0.0174,0.0165,0.0194,0.0218,0.1268,0.0279,0.115,0.0959,0.1889,8.1,151.986,1.5557,21.85,34.07
bs64_sbs32_th1.0_cacheTrue_batch1_mnt128,dLLM,64,32,1.0,1,128,1000,0.0127,0.017,0.0174,0.0173,0.0205,0.022,0.134,0.0308,0.12,0.1092,0.2175,6.4,158.565,1.0004,62.94,62.96
